Person_ID,Gender,Age,Occupation,Sleep_Duration,Quality_of_Sleep,Physical_Activity_Level,Stress_Level,BMI_Category,Heart_Rate,Daily_Steps,Sleep_Disorder,Diastolic_BP,Systolic_BP
1,Male,27,Software Engineer,6.1,6,42,6,Overweight,77,4200,,83,126
2,Male,28,Doctor,6.2,6,60,8,Normal,75,10000,,80,125
3,Male,28,Sales Representative,5.9,4,30,8,Obese,85,3000,Sleep Apnea,90,140
4,Male,28,Software Engineer,5.9,4,30,8,Obese,85,3000,Insomnia,90,140
5,Male,29,Teacher,6.3,6,40,7,Obese,82,3500,Insomnia,90,140
6,Male,29,Doctor,7.8,7,75,6,Normal,70,8000,,80,120
7,Male,29,Doctor,6.1,6,30,8,Normal,70,8000,,80,120
8,Male,29,Doctor,6.0,6,30,8,Normal,70,8000,,80,120
9,Female,29,Nurse,6.5,5,40,7,Normal Weight,80,4000,Sleep Apnea,87,132
10,Male,29,Doctor,6.0,6,30,8,Normal,70,8000,Sleep Apnea,80,120
11,Female,29,Nurse,6.5,5,40,7,Normal Weight,80,4000,Insomnia,87,132
12,Male,30,Doctor,7.6,7,75,6,Normal,70,8000,,80,120
13,Male,30,Doctor,7.7,7,75,6,Normal,70,8000,,80,120
14,Male,30,Doctor,7.8,7,75,6,Normal,70,8000,,80,120
15,Male,30,Doctor,7.9,7,75,6,Normal,70,8000,,80,120
16,Female,30,Nurse,6.4,5,35,7,Normal Weight,78,4100,Sleep Apnea,86,130
17,Female,30,Nurse,6.4,5,35,7,Normal Weight,78,4100,Insomnia,86,130
18,Female,31,Nurse,7.9,8,75,4,Normal Weight,69,6800,,76,117
19,Male,31,Doctor,6.1,6,30,8,Normal,72,5000,,80,125
20,Male,31,Doctor,7.7,7,75,6,Normal,70,8000,,80,120
21,Male,31,Doctor,7.6,7,75,6,Normal,70,8000,,80,120
22,Male,31,Doctor,7.8,7,75,6,Normal,70,8000,,80,120
23,Male,31,Doctor,7.7,7,75,6,Normal,70,8000,Sleep Apnea,80,120
24,Male,32,Engineer,7.5,8,45,3,Normal,70,8000,,80,120
25,Male,32,Doctor,6.0,6,30,8,Normal,72,5000,,80,125
26,Male,32,Doctor,7.6,7,75,6,Normal,70,8000,,80,120
27,Male,32,Doctor,7.7,7,75,6,Normal,70,8000,,80,120
28,Male,32,Doctor,6.2,6,30,8,Normal,72,5000,,80,125
29,Male,32,Accountant,7.2,8,50,6,Normal Weight,68,7000,,76,118
30,Male,33,Doctor,6.0,6,30,8,Normal,72,5000,Insomnia,80,125
31,Female,33,Scientist,6.2,6,50,6,Overweight,76,5500,,85,128
32,Male,33,Doctor,6.1,6,30,8,Normal,72,5000,,80,125
33,Male,33,Doctor,6.0,6,30,8,Normal,72,5000,,80,125
34,Female,34,Scientist,5.8,4,32,8,Overweight,81,5200,Sleep Apnea,86,131
35,Male,35,Teacher,6.7,7,40,5,Overweight,70,5600,,84,128
36,Male,35,Software Engineer,7.5,8,60,5,Normal Weight,70,8000,,80,120
37,Female,35,Accountant,7.2,8,60,4,Normal,68,7000,,75,115
38,Male,35,Engineer,7.2,8,60,4,Normal,65,5000,,80,125
39,Male,35,Engineer,7.3,8,60,4,Normal,65,5000,,80,125
40,Male,35,Lawyer,7.4,7,60,5,Obese,84,3300,Sleep Apnea,88,135
41,Female,36,Accountant,7.2,8,60,4,Normal,68,7000,Insomnia,75,115
42,Female,36,Accountant,7.1,8,60,4,Normal,68,7000,,75,115
43,Female,36,Accountant,7.2,8,60,4,Normal,68,7000,,75,115
44,Female,36,Teacher,7.1,8,60,4,Normal,68,7000,,75,115
45,Female,36,Teacher,7.2,8,60,4,Normal,68,7000,,75,115
46,Male,36,Teacher,6.6,5,35,7,Overweight,74,4800,Sleep Apnea,84,129
47,Female,36,Teacher,7.2,8,60,4,Normal,68,7000,Sleep Apnea,75,115
48,Male,36,Teacher,6.6,5,35,7,Overweight,74,4800,Insomnia,84,129
49,Female,37,Nurse,6.1,6,42,6,Overweight,77,4200,,83,126
50,Male,37,Engineer,7.8,8,70,4,Normal Weight,68,7000,,80,120
51,Male,37,Lawyer,7.4,8,60,5,Normal,68,8000,,85,130
52,Female,37,Accountant,7.2,8,60,4,Normal,68,7000,,75,115
53,Female,37,Nurse,7.5,8,60,4,Normal Weight,70,8000,,80,120
54,Male,38,Lawyer,7.3,8,60,5,Normal,68,8000,,85,130
55,Female,38,Accountant,7.1,8,60,4,Normal,68,7000,,75,115
56,Male,38,Lawyer,7.1,8,60,5,Normal,68,8000,,85,130
57,Male,38,Lawyer,7.1,8,60,5,Normal,68,8000,Sleep Apnea,85,130
58,Female,38,Lawyer,7.4,7,60,5,Obese,84,3300,Sleep Apnea,88,135
59,Male,39,Lawyer,7.2,8,60,5,Normal,68,8000,Insomnia,85,130
60,Male,39,Engineer,6.5,5,40,7,Overweight,80,4000,Insomnia,87,132
61,Female,39,Lawyer,6.9,7,50,6,Normal Weight,75,5500,,85,128
62,Female,39,Accountant,8.0,9,80,3,Normal Weight,67,7500,,78,115
63,Male,39,Lawyer,7.2,8,60,5,Normal,68,8000,,85,130
64,Female,40,Accountant,7.2,8,55,6,Normal Weight,73,7300,,77,119
65,Male,40,Lawyer,7.9,8,90,5,Normal,68,8000,,85,130
66,Male,41,Lawyer,7.6,8,90,5,Normal,70,8000,Insomnia,85,130
67,Male,41,Engineer,7.3,8,70,6,Normal Weight,72,6200,,79,121
68,Male,41,Lawyer,7.1,7,55,6,Overweight,72,6000,,82,125
69,Male,41,Lawyer,7.7,8,90,5,Normal,70,8000,,85,130
70,Male,41,Lawyer,7.6,8,90,5,Normal,70,8000,,85,130
71,Male,42,Salesperson,6.5,6,45,7,Overweight,72,6000,Insomnia,85,130
72,Male,42,Lawyer,7.8,8,90,5,Normal,70,8000,,85,130
73,Female,42,Teacher,6.8,6,45,7,Overweight,78,5000,Sleep Apnea,85,130
74,Female,43,Teacher,6.7,7,45,4,Overweight,65,6000,Insomnia,90,135
75,Male,43,Salesperson,6.3,6,45,7,Overweight,72,6000,Insomnia,85,130
76,Male,43,Salesperson,6.5,6,45,7,Overweight,72,6000,Insomnia,85,130
77,Male,43,Salesperson,6.4,6,45,7,Overweight,72,6000,Insomnia,85,130
78,Male,43,Engineer,7.8,8,90,5,Normal,70,8000,Insomnia,85,130
79,Male,43,Engineer,6.9,6,47,7,Normal Weight,69,6800,,76,117
80,Male,43,Engineer,7.6,8,75,4,Overweight,68,6800,,80,122
81,Male,43,Engineer,7.7,8,90,5,Normal,70,8000,,85,130
82,Male,43,Engineer,7.8,8,90,5,Normal,70,8000,,85,130
83,Male,43,Engineer,7.8,8,90,5,Normal,70,8000,Sleep Apnea,85,130
84,Male,43,Salesperson,6.5,6,45,7,Overweight,72,6000,Sleep Apnea,85,130
85,Female,44,Teacher,6.6,7,45,4,Overweight,65,6000,Insomnia,90,135
86,Male,44,Salesperson,6.4,6,45,7,Overweight,72,6000,Insomnia,85,130
87,Male,44,Salesperson,6.3,6,45,7,Overweight,72,6000,Insomnia,85,130
88,Female,44,Teacher,6.5,7,45,4,Overweight,65,6000,Insomnia,90,135
89,Male,44,Engineer,6.8,7,45,7,Overweight,78,5000,Insomnia,85,130
90,Male,44,Salesperson,6.4,6,45,7,Overweight,72,6000,,85,130
91,Male,44,Salesperson,6.5,6,45,7,Overweight,72,6000,,85,130
92,Female,45,Teacher,6.8,7,30,6,Overweight,65,6000,Insomnia,90,135
93,Female,45,Teacher,6.5,7,45,4,Overweight,65,6000,Insomnia,90,135
94,Female,45,Teacher,6.6,7,45,4,Overweight,65,6000,Insomnia,90,135
95,Female,45,Teacher,6.6,7,45,4,Overweight,65,6000,,90,135
96,Female,45,Manager,6.9,7,55,5,Overweight,75,5500,,82,125
97,Male,48,Doctor,7.3,7,65,5,Obese,83,3500,Insomnia,92,142
98,Female,48,Nurse,5.9,6,90,8,Overweight,75,10000,Sleep Apnea,95,140
99,Female,49,Nurse,6.2,6,90,8,Overweight,75,10000,,95,140
100,Female,49,Nurse,6.0,6,90,8,Overweight,75,10000,Sleep Apnea,95,140
101,Female,49,Nurse,6.1,6,90,8,Overweight,75,10000,Sleep Apnea,95,140
102,Female,49,Nurse,6.2,6,90,8,Overweight,75,10000,Sleep Apnea,95,140
103,Male,49,Doctor,8.1,9,85,3,Obese,86,3700,Sleep Apnea,91,139
104,Female,50,Nurse,6.1,6,90,8,Overweight,75,10000,Insomnia,95,140
105,Female,50,Engineer,8.3,9,30,3,Normal,65,5000,,80,125
106,Female,50,Nurse,6.0,6,90,8,Overweight,75,10000,,95,140
107,Female,50,Nurse,6.1,6,90,8,Overweight,75,10000,Sleep Apnea,95,140
108,Female,50,Nurse,6.0,6,90,8,Overweight,75,10000,Sleep Apnea,95,140
109,Female,51,Engineer,8.5,9,30,3,Normal,65,5000,,80,125
110,Female,51,Nurse,7.1,7,55,6,Normal Weight,72,6000,,82,125
111,Female,51,Nurse,6.0,6,90,8,Overweight,75,10000,Sleep Apnea,95,140
112,Female,51,Nurse,6.1,6,90,8,Overweight,75,10000,Sleep Apnea,95,140
113,Female,52,Accountant,6.5,7,45,7,Overweight,72,6000,Insomnia,85,130
114,Female,52,Accountant,6.6,7,45,7,Overweight,72,6000,Insomnia,85,130
115,Female,52,Engineer,8.4,9,30,3,Normal,65,5000,,80,125
116,Female,53,Engineer,8.3,9,30,3,Normal,65,5000,Insomnia,80,125
117,Female,53,Engineer,8.5,9,30,3,Normal,65,5000,,80,125
118,Female,53,Engineer,8.4,9,30,3,Normal,65,5000,,80,125
119,Female,53,Engineer,8.3,9,30,3,Normal,65,5000,,80,125
120,Female,54,Engineer,8.4,9,30,3,Normal,65,5000,,80,125
121,Female,54,Engineer,8.5,9,30,3,Normal,65,5000,,80,125
122,Female,55,Nurse,8.1,9,75,4,Overweight,72,5000,Sleep Apnea,95,140
123,Female,56,Doctor,8.2,9,90,3,Normal Weight,65,10000,,75,118
124,Female,57,Nurse,8.1,9,75,3,Overweight,68,7000,,95,140
125,Female,57,Nurse,8.2,9,75,3,Overweight,68,7000,Sleep Apnea,95,140
126,Female,57,Nurse,8.1,9,75,3,Overweight,68,7000,Sleep Apnea,95,140
127,Female,58,Nurse,8.0,9,75,3,Overweight,68,7000,Sleep Apnea,95,140
128,Female,59,Nurse,8.0,9,75,3,Overweight,68,7000,,95,140
129,Female,59,Nurse,8.1,9,75,3,Overweight,68,7000,,95,140
130,Female,59,Nurse,8.2,9,75,3,Overweight,68,7000,Sleep Apnea,95,140
131,Female,59,Nurse,8.0,9,75,3,Overweight,68,7000,Sleep Apnea,95,140
132,Female,59,Nurse,8.1,9,75,3,Overweight,68,7000,Sleep Apnea,95,140
